etapa_k,linha_processada,L_ij_armazenado
0,1,-0.25
0,2,0.0
0,3,-0.25
0,4,0.0
0,5,0.0
0,6,-0.25
0,7,0.0
0,8,0.0
1,2,-0.26666666666666666
1,3,-0.06666666666666667
1,4,-0.26666666666666666
1,5,0.0
1,6,-0.06666666666666667
1,7,0.0
1,8,0.0
2,3,-0.017857142857142856
2,4,-0.07142857142857142
2,5,-0.26785714285714285
2,6,-0.017857142857142856
2,7,0.0
2,8,0.0
3,4,-0.28708133971291866
3,5,-0.004784688995215311
3,6,-0.07177033492822966
3,7,0.0
3,8,0.0
4,5,-0.31601123595505615
4,6,-0.04353932584269663
4,7,-0.29353932584269665
4,8,0.0
5,6,-0.019461697722567287
5,7,-0.09316770186335405
5,8,-0.294824016563147
6,7,-0.279305966991113
6,8,-0.0071942446043165445
7,8,-0.325287643821911
