etapa,linha_alvo,fator_m
0,1,-1.0
0,2,0.0
0,3,-1.0
0,4,0.0
0,5,0.0
1,0,-0.25
1,2,-1.0
1,3,-0.25
1,4,-1.0
1,5,0.0
2,0,-0.06666666666666667
2,1,-0.26666666666666666
2,3,-0.06666666666666667
2,4,-0.26666666666666666
2,5,-1.0
3,0,-0.26785714285714285
3,1,-0.07142857142857142
3,2,-0.017857142857142856
3,4,-1.0714285714285714
3,5,-0.017857142857142856
4,0,-0.14832535885167464
4,1,-0.3062200956937799
4,2,-0.07655502392344497
4,3,-0.28708133971291866
4,5,-1.076555023923445
5,0,-0.06601123595505617
5,1,-0.16853932584269665
5,2,-0.29213483146067415
5,3,-0.09550561797752809
5,4,-0.3160112359550562
