iteracao,lim_inf,lim_sup,x_aprox,f(x),erro_relativo
0,1.1,1.3,1.1008134159688598,-0.0877837550459688,0.0007389226521588508
1,1.1008134159688598,1.3,1.101563787973595,-0.08111660336266269,0.0006811879737946266
2,1.101563787973595,1.3,1.1022547550373196,-0.07481036162456078,0.0006268669384883878
3,1.1022547550373196,1.3,1.1028899573145525,-0.06887021500075363,0.0005759434774250466
4,1.1028899573145525,1.3,1.1034729931099052,-0.06329614972077025,0.0005283643541737429
5,1.1034729931099052,1.3,1.1040073833825774,-0.058083774367890584,0.00048404592280433035
6,1.1040073833825774,1.3,1.1044965432410994,-0.05322510164972627,0.0004428803888208809
7,1.1044965432410994,1.3,1.1049437598133236,-0.048709273158586086,0.0004047414796023611
8,1.1049437598133236,1.3,1.1053521758088918,-0.04452321601135267,0.0003694894753966552
9,1.1053521758088918,1.3,1.1057247780656123,-0.040652225574927314,0.0003369755875167913
10,1.1057247780656123,1.3,1.1060643903779213,-0.03708047271427617,0.00030704569757725094
11,1.1060643903779213,1.3,1.1063736699361957,-0.03379143720399469,0.00027954349120786506
12,1.1063736699361957,1.3,1.1066551067525938,-0.030768271232371802,0.0002543130327424208
13,1.1066551067525938,1.3,1.1069110255060366,-0.02799409843575873,0.00023120083506782143
14,1.1069110255060366,1.3,1.1071435893009047,-0.02545225477555846,0.00021005748225935619
15,1.1071435893009047,1.3,1.1073548048971933,-0.023126477948498092,0.00019073886287798258
16,1.1073548048971933,1.3,1.1075465290314352,-0.021001052028953637,0.00017310706974055576
17,1.1075465290314352,1.3,1.10772047550579,-0.019060913786663747,0.00015703101838505094
18,1.10772047550579,1.3,1.107878222776069,-0.01729172669319823,0.0001423868319063968
19,1.107878222776069,1.3,1.1080212218175098,-0.015679928096375306,0.0001290580348327697
20,1.1080212218175098,1.3,1.1081508040895542,-0.014212754456455201,0.00011693559357281475
21,1.1081508040895542,1.3,1.1082681894578263,-0.012878248941930792,0.00010591783594323928
22,1.1082681894578263,1.3,1.1083744939631757,-0.011665255102617067,9.591027755358226e-05
23,1.1083744939631757,1.3,1.1084707373544676,-0.010563399792683725,8.682537846834188e-05
24,1.1084707373544676,1.3,1.108557850324214,-0.009563068016454679,7.858224965067645e-05
25,1.108557850324214,1.3,1.1086366814046351,-0.008655371921395982,7.110632522215728e-05
26,1.1086366814046351,1.3,1.1087080034968266,-0.007832115766806425,6.432901356044113e-05
27,1.1087080034968266,1.3,1.1087725200178267,-0.007085758352232574,5.818733765064638e-05
28,1.1087725200178267,1.3,1.1088308706599872,-0.006409374094214826,5.2623572904135394e-05
29,1.1088308706599872,1.3,1.1088836367645332,-0.005796613688524133,4.758488879854355e-05
30,1.1088836367645332,1.3,1.1089313463169037,-0.005241665084504632,4.3022999150491085e-05
31,1.1089313463169037,1.3,1.10897447857571,-0.004739215322565826,3.889382455560437e-05
32,1.10897447857571,1.3,1.1090134683501927,-0.0042844136416881895,3.515716949820367e-05
33,1.1090134683501927,1.3,1.109048709943134,-0.003872836145951908,3.177641579263399e-05
34,1.109048709943134,1.3,1.1090805607774838,-0.0035004522245039027,2.8718233351261628e-05
35,1.1090805607774838,1.3,1.1091093447256353,-0.003163592843336005,2.5952308749633097e-05
36,1.1091093447256353,1.3,1.109135355160505,-0.002858920768094464,2.345109165323878e-05
37,1.109135355160505,1.3,1.109158857747405,-0.002583402730401474,2.1189558858785234e-05
38,1.109158857747405,1.3,1.1091800929952624,-0.002334283515395441,1.9144995471493565e-05
39,1.1091800929952624,1.3,1.1091992785851106,-0.0021090619214270134,1.7296792576912323e-05
40,1.1091992785851106,1.3,1.1092166114929978,-0.0019054685242529956,1.5626260648820353e-05
41,1.1092166114929978,1.3,1.1092322699235924,-0.0017214451644527173,1.4116457859333731e-05
42,1.1092322699235924,1.3,1.1092464150698405,-0.001555126068481627,1.2752032421217741e-05
43,1.1092464150698405,1.3,1.109259192713081,-0.0014048205087071608,1.1519078069877502e-05
44,1.109259192713081,1.3,1.1092707346770712,-0.0012689969056758343,1.0405001799199032e-05
45,1.1092707346770712,1.3,1.1092811601484338,-0.0011462682759670884,9.398402981311488e-06
46,1.1092811601484338,1.3,1.1092905768751273,-0.0010353789305135308,8.488963027207832e-06
47,1.1092905768751273,1.3,1.1092990822536553,-0.0009351923313438704,7.667344780132388e-06
48,1.1092990822536553,1.3,1.1093067643148988,-0.000844680018229127,6.925100874435772e-06
49,1.1093067643148988,1.3,1.109313702617661,-0.000762911521061227,6.254590334305487e-06
50,1.109313702617661,1.3,1.1093199690582631,-0.0006890451784649088,5.64890273048827e-06
51,1.1093199690582631,1.3,1.1093256286038409,-0.0006223197878156839,5.101789259898153e-06
52,1.1093256286038409,1.3,1.1093307399563308,-0.0005620470169240832,4.607600155504059e-06
53,1.1093307399563308,1.3,1.1093353561535388,-0.0005076045121867878,4.161227876164084e-06
54,1.1093353561535388,1.3,1.109339525113121,-0.00045842964298969946,3.758055570762219e-06
55,1.109339525113121,1.3,1.109343290124792,-0.00041401382645034346,3.3939103471314665e-06
56,1.109343290124792,1.3,1.1093466902955995,-0.00037389738110960025,3.0650209148512644e-06
57,1.1093466902955995,1.3,1.1093497609526726,-0.0003376648621937761,2.767979208306278e-06
58,1.1093497609526726,1.3,1.1093525340074424,-0.000304940834908507,2.4997056254010086e-06
59,1.1093525340074424,1.3,1.1093550382849782,-0.0002753860460273927,2.2574175528674163e-06
60,1.1093550382849782,1.3,1.1093572998217383,-0.0002486939571717528,2.03860087317912e-06
61,1.1093572998217383,1.3,1.1093593421347352,-0.00022458760650678755,1.8409841783200398e-06
62,1.1093593421347352,1.3,1.1093611864648327,-0.00020281676851041652,1.6625154368441143e-06
63,1.1093611864648327,1.3,1.1093628519966412,-0.0001831553839259925,1.5013408872241742e-06
64,1.1093628519966412,1.3,1.109364356057244,-0.00016539923478831042,1.3557859458150383e-06
65,1.109364356057244,1.3,1.109365714295779,-0.00014936384145158854,1.2243379414683035e-06
66,1.109365714295779,1.3,1.1093669408457092,-0.0001348825607543347,1.1056305043250791e-06
67,1.1093669408457092,1.3,1.1093680484714414,-0.00012180486637802801,9.98429451587457e-07
